source_id,source_type,tool_version,configuration_hash,date,provenance_reference,independent,strategy,spans,band,wavelength_nm,metric,metric_unit,reference_value,reference_uncertainty,notes,model_value,matched_wavelength_nm,wavelength_error_nm,interpolated,matched,external_row,residual,relative_residual,standardized_residual
gnpy_clean_cband_1span_flat_1535nm_actual_1535p000nm_gsnr,gnpy,2.14.1,91be4e29054fb8ede78e36fa0291e03f2763ac56c6d3a2a9e60528ebe7ebf4a3,2026-07-20,external_validation/gnpy/raw_outputs/gnpy_scl_flat_1span.txt,True,flat,1,C,1535.000023,gsnr_db,dB,28.53,0.3,"Clean C-band rebuild. Requested 1535.000 nm; actual nearest GNPy channel 1535.000023 nm; channel=3, frequency_thz=195.30453, channel_power_dbm=-2.00, osnr_signal_bw_db=29.18, snr_nli_signal_bw_db=37.13.",27.753551521011175,1535.1325735619027,0.13255056190268988,0,1,0,-0.7764484789888257,-0.027215158744788845,-2.588161596629419
gnpy_clean_cband_1span_flat_1550nm_actual_1550p000nm_gsnr,gnpy,2.14.1,91be4e29054fb8ede78e36fa0291e03f2763ac56c6d3a2a9e60528ebe7ebf4a3,2026-07-20,external_validation/gnpy/raw_outputs/gnpy_scl_flat_1span.txt,True,flat,1,C,1549.999992,gsnr_db,dB,28.58,0.3,"Clean C-band rebuild. Requested 1550.000 nm; actual nearest GNPy channel 1549.999992 nm; channel=2, frequency_thz=193.41449, channel_power_dbm=-2.00, osnr_signal_bw_db=29.21, snr_nli_signal_bw_db=37.30.",27.18393796061956,1549.8142811788327,0.18571082116727666,0,1,1,-1.396062039380439,-0.04884751712317842,-4.65354013126813
gnpy_clean_cband_1span_flat_1560nm_actual_1560p000nm_gsnr,gnpy,2.14.1,91be4e29054fb8ede78e36fa0291e03f2763ac56c6d3a2a9e60528ebe7ebf4a3,2026-07-20,external_validation/gnpy/raw_outputs/gnpy_scl_flat_1span.txt,True,flat,1,C,1560.000021,gsnr_db,dB,28.62,0.3,"Clean C-band rebuild. Requested 1560.000 nm; actual nearest GNPy channel 1560.000021 nm; channel=1, frequency_thz=192.17465, channel_power_dbm=-2.00, osnr_signal_bw_db=29.23, snr_nli_signal_bw_db=37.46.",26.371809449643806,1559.894365333771,0.10565566622904043,0,1,2,-2.2481905503561954,-0.07855312894326329,-7.493968501187318
gnpy_clean_cband_4span_flat_1535nm_actual_1535p000nm_gsnr,gnpy,2.14.1,6ca0dcb2fb9b608694b231eefcfdc615feea4d8cfd4ff096e7779af70b8709c4,2026-07-20,external_validation/gnpy/raw_outputs/gnpy_scl_flat_4span.txt,True,flat,4,C,1535.000023,gsnr_db,dB,22.82,0.3,"Clean C-band rebuild. Requested 1535.000 nm; actual nearest GNPy channel 1535.000023 nm; channel=3, frequency_thz=195.30453, channel_power_dbm=-2.00, osnr_signal_bw_db=23.31, snr_nli_signal_bw_db=32.50.",22.072215749988956,1535.1325735619027,0.13255056190268988,0,1,3,-0.7477842500110441,-0.03276881025464698,-2.4926141667034805
gnpy_clean_cband_4span_flat_1550nm_actual_1550p000nm_gsnr,gnpy,2.14.1,6ca0dcb2fb9b608694b231eefcfdc615feea4d8cfd4ff096e7779af70b8709c4,2026-07-20,external_validation/gnpy/raw_outputs/gnpy_scl_flat_4span.txt,True,flat,4,C,1549.999992,gsnr_db,dB,22.87,0.3,"Clean C-band rebuild. Requested 1550.000 nm; actual nearest GNPy channel 1549.999992 nm; channel=2, frequency_thz=193.41449, channel_power_dbm=-2.00, osnr_signal_bw_db=23.35, snr_nli_signal_bw_db=32.67.",21.320920811152078,1549.8142811788327,0.18571082116727666,0,1,4,-1.549079188847923,-0.0677341140729306,-5.163597296159743
gnpy_clean_cband_4span_flat_1560nm_actual_1560p000nm_gsnr,gnpy,2.14.1,6ca0dcb2fb9b608694b231eefcfdc615feea4d8cfd4ff096e7779af70b8709c4,2026-07-20,external_validation/gnpy/raw_outputs/gnpy_scl_flat_4span.txt,True,flat,4,C,1560.000021,gsnr_db,dB,22.91,0.3,"Clean C-band rebuild. Requested 1560.000 nm; actual nearest GNPy channel 1560.000021 nm; channel=1, frequency_thz=192.17465, channel_power_dbm=-2.00, osnr_signal_bw_db=23.38, snr_nli_signal_bw_db=32.83.",20.385719653778175,1559.894365333771,0.10565566622904043,0,1,5,-2.5242803462218255,-0.1101824681895166,-8.414267820739418
gnpy_clean_cband_8span_flat_1535nm_actual_1535p000nm_gsnr,gnpy,2.14.1,c26cf7d583e6d9c64002046a5ccd9a520beae6eac651c5f9819777bff91baee7,2026-07-20,external_validation/gnpy/raw_outputs/gnpy_scl_flat_8span.txt,True,flat,8,C,1535.000023,gsnr_db,dB,19.85,0.3,"Clean C-band rebuild. Requested 1535.000 nm; actual nearest GNPy channel 1535.000023 nm; channel=3, frequency_thz=195.30453, channel_power_dbm=-2.00, osnr_signal_bw_db=20.32, snr_nli_signal_bw_db=29.75.",19.003999583835135,1535.1325735619027,0.13255056190268988,0,1,6,-0.8460004161648662,-0.04261966832064817,-2.820001387216221
gnpy_clean_cband_8span_flat_1550nm_actual_1550p000nm_gsnr,gnpy,2.14.1,c26cf7d583e6d9c64002046a5ccd9a520beae6eac651c5f9819777bff91baee7,2026-07-20,external_validation/gnpy/raw_outputs/gnpy_scl_flat_8span.txt,True,flat,8,C,1549.999992,gsnr_db,dB,19.9,0.3,"Clean C-band rebuild. Requested 1550.000 nm; actual nearest GNPy channel 1549.999992 nm; channel=2, frequency_thz=193.41449, channel_power_dbm=-2.00, osnr_signal_bw_db=20.36, snr_nli_signal_bw_db=29.92.",18.189238869695703,1549.8142811788327,0.18571082116727666,0,1,7,-1.710761130304295,-0.08596789599519071,-5.702537101014317
gnpy_clean_cband_8span_flat_1560nm_actual_1560p000nm_gsnr,gnpy,2.14.1,c26cf7d583e6d9c64002046a5ccd9a520beae6eac651c5f9819777bff91baee7,2026-07-20,external_validation/gnpy/raw_outputs/gnpy_scl_flat_8span.txt,True,flat,8,C,1560.000021,gsnr_db,dB,19.94,0.3,"Clean C-band rebuild. Requested 1560.000 nm; actual nearest GNPy channel 1560.000021 nm; channel=1, frequency_thz=192.17465, channel_power_dbm=-2.00, osnr_signal_bw_db=20.39, snr_nli_signal_bw_db=30.08.",17.227269907360704,1559.894365333771,0.10565566622904043,0,1,8,-2.7127300926392977,-0.1360446385476077,-9.042433642130993
